"SS Tiwary","hit wicket",1
"P Negi","lbw",1
"RV Gomez","caught",3
"IK Pathan","caught",31
"SE Marsh","caught and bowled",3
"JP Faulkner","caught",18
"DL Vettori","caught and bowled",1
"S Sriram","caught",1
"GJ Maxwell","caught and bowled",1
"B Sumanth","bowled",1
"KB Arun Karthik","stumped",1
"MR Marsh","run out",1
"Shivam Sharma","bowled",1
"S Anirudha","caught",4
"Imran Tahir","run out",1
"Mandeep Singh","stumped",5
"CL White","stumped",1
"Abhishek Sharma","bowled",1
"DB Ravi Teja","caught",9
"TM Head","run out",1
"SP Fleming","bowled",2
"Mohammed Shami","caught",6
"MS Dhoni","run out",22
"RP Singh","caught",5
"Pankaj Singh","bowled",1
"UT Khawaja","caught",3
"KM Jadhav","lbw",5
"KL Rahul","stumped",2
"AA Bilakhia","stumped",1
"BB McCullum","bowled",17
"TS Mills","bowled",1
"M Kaif","stumped",2
"RE van der Merwe","caught",5
"KA Pollard","bowled",17
"HH Gibbs","run out",3
"PK Garg","caught",5
"Sunny Singh","caught",3
"SR Tendulkar","bowled",12
"AB McDonald","bowled",1
"Shahid Afridi","caught",7
"PA Reddy","caught",6
"GC Smith","stumped",2
"TA Boult","bowled",2
"Ishan Kishan","bowled",6
"DH Yagnik","caught",3
"N Rana","run out",4
"Gurkeerat Singh","bowled",4
"Sachin Baby","lbw",1
"PK Garg","run out",1
"KP Pietersen","retired hurt",1
"C de Grandhomme","stumped",1
"E Lewis","stumped",1
"AP Dole","caught",2
"SPD Smith","run out",10
"MN Samuels","caught",5
"Joginder Sharma","caught and bowled",1
"T Taibu","run out",1
"SV Samson","stumped",3
"DL Chahar","caught",5
"BB McCullum","stumped",3
"DR Martyn","bowled",1
"Sachin Baby","caught and bowled",1
"R Dhawan","bowled",1
"P Chopra","caught",1
"CJ Anderson","bowled",4
"MJ Clarke","caught",1
"Arshdeep Singh","caught",1
"B Chipli","caught",10
"R Sharma","bowled",4
"R Bhatia","run out",4
"KK Nair","caught and bowled",1
"GJ Bailey","lbw",1
"MS Gony","bowled",4
"AC Thomas","bowled",1
"DB Das","caught and bowled",1
"S Nadeem","run out",4
"Yuvraj Singh","caught and bowled",2
"A Mishra","bowled",9
"K Goel","lbw",1
"KH Pandya","retired hurt",1
"KV Sharma","run out",3
"VVS Laxman","run out",1
"RD Gaikwad","lbw",1
"EJG Morgan","run out",6
"VVS Laxman","retired hurt",1
"M Vijay","bowled",19
"A Mishra","lbw",1
"DL Vettori","bowled",4
"P Negi","stumped",2
"M Rawat","caught",3
"AB Dinda","bowled",3
"AJ Finch","bowled",22
"ST Jayasuriya","bowled",2
"KC Sangakkara","caught and bowled",4
"M Kartik","bowled",1
"YV Takawale","bowled",2
"MD Mishra","run out",1
"AC Gilchrist","caught and bowled",2
"NV Ojha","run out",5
"I Sharma","run out",2
"J Botha","caught",9
"A Chandila","run out",1
"Azhar Mahmood","lbw",3
"NJ Maddinson","bowled",2
"Gurkeerat Singh","caught and bowled",2
"RK Singh","bowled",1
"J Botha","bowled",4
"ST Jayasuriya","caught and bowled",1
"PP Shaw","run out",1
"S Dube","run out",2
"WD Parnell","bowled",2
"Abdul Samad","caught",5
"AP Tare","bowled",4
"JC Archer","caught",9
"RR Powar","run out",1
"LRPL Taylor","bowled",6
"DL Vettori","caught",1
"AJ Tye","caught",5
"CA Lynn","caught and bowled",3
"LJ Wright","caught",4
"Yuvraj Singh","hit wicket",1
"SN Khan","lbw",1
"AA Bilakhia","caught",2
"M Morkel","stumped",1
"JD Ryder","bowled",7
"SA Asnodkar","run out",5
"AA Jhunjhunwala","run out",4
"MJ Clarke","stumped",1
"DB Das","bowled",4
"MEK Hussey","bowled",15
"RD Gaikwad","stumped",1
"Mandeep Singh","lbw",2
"KM Jadhav","run out",7
"CJ Jordan","caught and bowled",1
"R Vinay Kumar","caught",13
"AD Mathews","run out",4
"YK Pathan","stumped",2
"A Mishra","obstructing the field",1
"JC Buttler","bowled",7
"A Uniyal","bowled",1
"A Symonds","run out",3
"Joginder Sharma","run out",1
"AP Tare","caught",17
"MC Juneja","run out",1
"MA Agarwal","run out",2
"RR Rossouw","caught",1
"R Dravid","bowled",16
"RR Rossouw","bowled",3
"JJ Roy","bowled",2
"R Dravid","caught and bowled",5
"JJ Bumrah","run out",2
"AC Thomas","run out",1
"AB McDonald","caught",3
"CA Pujara","lbw",1
"CA Ingram","lbw",2
"JC Buttler","caught",32
"S Badrinath","lbw",4
"SN Khan","run out",4
"MG Johnson","run out",1
"V Sehwag","caught",70
"STR Binny","lbw",3
"Umar Gul","caught",2
"KW Richardson","caught and bowled",1
"ST Jayasuriya","run out",2
"T Thushara","caught",1
"D Wiese","caught",4
"YK Pathan","lbw",5
"DA Miller","stumped",2
"AM Rahane","run out",8
"KK Nair","stumped",2
"DB Ravi Teja","stumped",1
"PR Shah","caught",6
"SC Ganguly","stumped",2
"YS Chahal","caught",3
"MA Agarwal","caught",52
"AF Milne","run out",1
"Jaskaran Singh","run out",1
"SL Malinga","bowled",5
"KK Nair","run out",4
"Mohammed Shami","bowled",1
"AS Raut","run out",4
"AC Voges","caught",4
"STR Binny","caught and bowled",1
"V Sehwag","stumped",1
"M Ashwin","run out",1
"YK Pathan","caught",76
"B Chipli","bowled",4
"LRPL Taylor","run out",3
"Sachin Baby","caught",5
"MJ Lumb","stumped",2
"HM Amla","caught and bowled",1
"A Mukund","bowled",2
"P Negi","run out",4
"MN Samuels","bowled",5
"MJ Guptill","caught",10
"MC Juneja","lbw",1
"DJ Harris","caught",3
"DJ Bravo","run out",1
"H Das","run out",1
"M Markande","caught",1
"A Chopra","lbw",1
"ST Jayasuriya","caught",19
"SB Joshi","run out",1
"R Dhawan","caught",2
"RR Pant","run out",5
"V Sehwag","caught and bowled",2
"Harbhajan Singh","lbw",6
"VVS Laxman","caught and bowled",2
"R Dravid","stumped",1
"CV Varun","run out",1
"SP Goswami","caught",15
"SW Billings","lbw",1
"NV Ojha","stumped",3
"RP Singh","bowled",4
"Pankaj Singh","caught",1
"CK Langeveldt","bowled",2
"MJ Guptill","lbw",2
"R Rampaul","caught",4
"DA Warner","run out",10
"Salman Butt","bowled",1
"M Rawat","bowled",1
"Kamran Akmal","caught",3
"Sohail Tanvir","caught",2
"CH Gayle","stumped",3
"KM Jadhav","bowled",5
"AD Russell","run out",3
"DJG Sammy","lbw",2
"KD Karthik","lbw",14
"JR Philippe","caught",2
"A Symonds","stumped",2
"MC Juneja","caught",5
"M Ntini","bowled",1
"YK Pathan","obstructing the field",1
"MS Wade","bowled",2
"D Wiese","run out",1
"C Munro","bowled",2
"MP Stoinis","run out",3
"AR Patel","stumped",2
"MK Pandey","run out",5
"UT Khawaja","stumped",1
"PK Garg","bowled",3
"KM Jadhav","stumped",1
"S Dhawan","retired hurt",1
"J Botha","lbw",3
"AD Russell","bowled",10
"M Vijay","caught",52
"MC Henriques","caught",20
"MJ Clarke","run out",1
"R Tewatia","run out",1
"CJ Ferguson","caught",1
"MV Boucher","bowled",3
"G Gambhir","lbw",7
"Shivam Mavi","caught",3
"B Kumar","caught and bowled",1
"S Randiv","caught",1
"SP Fleming","lbw",1
"AD Nath","caught",8
"DA Miller","caught",34
"DNT Zoysa","bowled",1
"PC Valthaty","caught",18
"R Ashwin","caught",24
"M Kaif","bowled",3
"KC Sangakkara","stumped",3
"R Sharma","caught",6
"JH Kallis","run out",9
"KK Nair","lbw",7
"JP Faulkner","run out",2
"BJ Hodge","lbw",6
"Kuldeep Yadav","bowled",1
"CR Brathwaite","lbw",1
"Kuldeep Yadav","caught",1
"MA Khote","hit wicket",1
"MM Sharma","caught",9
"TA Boult","caught and bowled",1
"SB Bangar","run out",1
"CM Gautam","caught",7
"S Rana","bowled",3
"DS Kulkarni","caught and bowled",1
"MK Pandey","bowled",25
"D Salunkhe","caught and bowled",1
"Mohammad Ashraful","caught",1
"RD Gaikwad","bowled",1
"Azhar Mahmood","run out",3
"TL Suman","lbw",2
"AB Barath","lbw",1
"DA Miller","run out",2
"RR Sarwan","bowled",1
"N Saini","run out",1
"CH Gayle","lbw",8
"SS Iyer","bowled",9
"Y Nagar","caught",8
"Misbah-ul-Haq","hit wicket",1
"MA Starc","caught",4
"SK Raina","caught",110
"D Padikkal","caught",9
"AD Russell","caught",35
"Anureet Singh","caught",3
"VY Mahesh","bowled",1
"RG Sharma","caught and bowled",7
"JD Ryder","caught and bowled",1
"R Sathish","bowled",3
"Anureet Singh","bowled",1
"RG Sharma","caught",112
"MK Pandey","caught",67
"FY Fazal","run out",3
"Basil Thampi","bowled",1
"C Munro","caught",5
"S Aravind","bowled",1
"AD Nath","lbw",1
"SPD Smith","bowled",15
"P Dogra","bowled",2
"DB Ravi Teja","run out",2
"Gurkeerat Singh","caught",12
"UA Birla","bowled",1
"RR Sarwan","caught",2
"RD Chahar","caught",2
"JH Kallis","lbw",3
"SS Iyer","caught",48
"RR Raje","bowled",1
"Shubman Gill","bowled",2
"DH Yagnik","bowled",4
"JH Kallis","caught",60
"AB Dinda","lbw",1
"CJ Anderson","caught",11
"SE Marsh","bowled",16
"Salman Butt","caught",4
"Iqbal Abdulla","caught",1
"M Kaif","lbw",1
"Mandeep Singh","run out",7
"S Gopal","stumped",1
"CH Morris","caught",11
"JA Morkel","bowled",10
"Y Gnaneswara Rao","caught and bowled",1
"KV Sharma","bowled",2
"SE Marsh","caught",35
"AR Patel","lbw",2
"Rashid Khan","run out",1
"MS Bisla","stumped",4
"BB McCullum","caught",62
"SM Curran","bowled",2
"GJ Maxwell","run out",4
"BB McCullum","lbw",16
"KP Pietersen","lbw",2
"N Saini","lbw",2
"M Ashwin","caught",2
"MS Dhoni","bowled",16
"LRPL Taylor","stumped",1
"S Kaul","caught",1
"MM Patel","lbw",1
"RR Rossouw","run out",1
"SP Goswami","bowled",2
"VR Aaron","run out",1
"SB Wagh","caught",1
"E Lewis","caught",11
"J Arunkumar","run out",1
"K Gowtham","caught",12
"CA Ingram","run out",1
"JC Archer","caught and bowled",1
"AS Raut","caught",3
"S Kaul","run out",1
"SR Tendulkar","caught",36
"KV Sharma","caught",15
"WD Parnell","run out",3
"CL White","caught and bowled",3
"PP Shaw","caught and bowled",3
"UT Khawaja","run out",1
"AS Raut","bowled",2
"JA Morkel","caught",25
"Parvez Rasool","caught",1
"A Choudhary","caught",1
"SS Iyer","stumped",2
"TL Suman","caught",22
"NLTC Perera","caught",17
"TM Dilshan","lbw",3
"FY Fazal","lbw",2
"M Markande","bowled",1
"SP Fleming","run out",1
"AD Mathews","stumped",1
"P Dogra","caught",4
"SO Hetmyer","bowled",2
"CH Gayle","bowled",24
"AJ Finch","lbw",7
"RT Ponting","caught and bowled",1
"BB Samantray","lbw",1
"RJ Peterson","caught",1
"RJ Peterson","run out",2
"HH Pandya","hit wicket",1
"DR Smith","caught and bowled",1
"V Pratap Singh","caught",1
"MV Boucher","caught",8
"LS Livingstone","caught",1
"RR Pant","lbw",5
"Sachin Baby","run out",2
"GJ Maxwell","bowled",13
"RT Ponting","caught",5
"Q de Kock","lbw",3
"AB de Villiers","run out",6
"PP Shaw","stumped",1
"R Bhatia","caught and bowled",2
"PC Valthaty","bowled",3
"F Behardien","caught",2
"A Ashish Reddy","run out",2
"B Akhil","run out",2
"AP Majumdar","caught",1
"B Kumar","run out",3
"M Vijay","lbw",10
"MS Dhoni","caught",76
"WP Saha","caught",43
"AP Majumdar","caught and bowled",1
"A Kumble","bowled",1
"AM Rahane","stumped",4
"S Dube","bowled",2
"R Sharma","run out",1
"S Sreesanth","bowled",1
"MD Mishra","stumped",2
"IK Pathan","lbw",1
"M Vijay","run out",8
"CA Ingram","caught",7
"MF Maharoof","run out",2
"PA Patel","bowled",22
"Shahid Afridi","lbw",1
"R Sathish","caught",9
"M Prasidh Krishna","caught",1
"KH Pandya","caught and bowled",3
"RE Levi","bowled",4
"AT Rayudu","bowled",22
"CRD Fernando","run out",1
"MF Maharoof","bowled",3
"SC Ganguly","run out",3
"M Kaif","caught",9
"CH Morris","caught and bowled",1
"CV Varun","bowled",1
"IK Pathan","caught and bowled",1
"AB McDonald","caught and bowled",1
"KK Nair","bowled",12
"R Dhawan","run out",1
"AB Dinda","run out",1
"A Mithun","caught",4
"NL McCullum","caught",1
"RR Pant","caught",39
"GC Smith","caught and bowled",1
"AD Hales","caught",3
"JH Kallis","bowled",16
"Harpreet Singh","caught",1
"SP Goswami","run out",2
"DJ Hooda","bowled",6
"PJ Sangwan","run out",1
"SN Khan","stumped",1
"NS Naik","bowled",1
"GH Vihari","bowled",1
"AM Nayar","lbw",5
"B Lee","bowled",1
"PD Collingwood","caught",2
"R Dravid","caught",47
"PP Shaw","lbw",1
"Swapnil Singh","bowled",1
"S Gopal","run out",1
"DR Smith","run out",2
"Harmeet Singh","lbw",1
"EJG Morgan","bowled",7
"WA Mota","bowled",1
"NV Ojha","lbw",2
"HM Amla","lbw",3
"E Lewis","lbw",1
"A Mishra","run out",9
"DE Bollinger","caught",1
"DA Warner","lbw",4
"R McLaren","lbw",2
"TD Paine","bowled",1
"S Gopal","bowled",1
"DW Steyn","caught and bowled",1
"Q de Kock","bowled",9
"YV Takawale","caught",4
"SL Malinga","run out",2
"Mohammad Hafeez","caught",6
"MEK Hussey","caught",29
"MC Henriques","bowled",4
"MS Dhoni","stumped",3
"AC Gilchrist","caught",53
"TM Dilshan","bowled",11
"R Dhawan","lbw",2
"R McLaren","bowled",2
"DA Warner","caught and bowled",4
"MP Stoinis","caught",20
"BR Dunk","caught",2
"MV Boucher","run out",2
"AJ Finch","stumped",3
"KL Rahul","lbw",5
"NJ Maddinson","caught",1
"AT Carey","caught",2
"R Ashwin","bowled",5
"B Lee","run out",3
"P Kumar","caught",11
"CM Gautam","stumped",1
"MS Dhoni","caught and bowled",4
"PR Shah","bowled",1
"SV Samson","caught",61
"JJ van der Wath","caught",1
"SK Raina","lbw",6
"RA Jadeja","hit wicket",1
"Y Nagar","lbw",2
"F du Plessis","bowled",12
"A Singh","caught and bowled",1
"S Vidyut","caught",8
"SK Trivedi","bowled",4
"Niraj Patel","run out",1
"SW Tait","stumped",1
"LR Shukla","caught",16
"AS Yadav","run out",2
"JJ Roy","stumped",1
"Harmeet Singh","caught",1
"A Flintoff","caught and bowled",1
"MK Tiwary","caught",30
"DR Smith","lbw",12
"BMAJ Mendis","caught",1
"MR Marsh","caught",8
"AJ Tye","bowled",2
"B Laughlin","bowled",1
"DPMD Jayawardene","stumped",3
"SP Jackson","caught",1
"S Badrinath","bowled",2
"NM Coulter-Nile","lbw",1
"S Rana","run out",1
"Harpreet Singh","caught and bowled",1
"EJG Morgan","stumped",1
"F du Plessis","run out",6
"PD Collingwood","run out",1
"PP Chawla","stumped",2
"Karanveer Singh","bowled",1
"LA Carseldine","stumped",1
"SR Tendulkar","caught and bowled",2
"Mujeeb Ur Rahman","caught",2
"SS Iyer","run out",7
"SR Tendulkar","run out",8
"JEC Franklin","caught",10
"TK Curran","caught",4
"Azhar Mahmood","bowled",2
"WPUJC Vaas","bowled",2
"R Parag","hit wicket",1
"RV Gomez","lbw",1
"DJM Short","bowled",1
"KA Pollard","stumped",1
"DA Warner","bowled",25
"Salman Butt","lbw",2
"JJ van der Wath","lbw",1
"SA Abbott","caught",1
"S Narwal","run out",1
"SE Marsh","stumped",2
"AD Mathews","caught",20
"Mandeep Singh","caught",48
"SR Watson","caught",70
"AB Agarkar","caught and bowled",1
"PC Valthaty","run out",1
"KK Cooper","stumped",1
"Ishan Kishan","caught",29
"CL White","bowled",4
"MS Gony","caught",4
"RE van der Merwe","run out",2
"M Klinger","caught",2
"S Dhawan","lbw",10
"YK Pathan","bowled",11
"HH Pandya","caught and bowled",1
"R Shukla","run out",1
"AR Patel","caught and bowled",1
"A Mishra","caught and bowled",1
"DS Kulkarni","run out",4
"BJ Hodge","stumped",2
"DJM Short","run out",2
"BJ Haddin","caught",1
"AL Menaria","caught",15
"S Dhawan","bowled",31
"BA Stokes","caught and bowled",3
"JC Buttler","run out",2
"SC Ganguly","lbw",2
"CH Morris","run out",4
"S Sreesanth","lbw",1
"CR Brathwaite","run out",2
"KK Ahmed","run out",1
"PP Shaw","bowled",7
"SB Jakati","run out",1
"N Jagadeesan","run out",1
"DJ Jacobs","caught",1
"R Bishnoi","caught",2
"P Dogra","run out",5
"JR Hopes","caught",13
"RV Uthappa","stumped",7
"S Anirudha","bowled",1
"Gurkeerat Singh","run out",5
"RE Levi","stumped",1
"RJ Quiney","lbw",2
"AB de Villiers","lbw",6
"TM Head","bowled",1
"Mohammad Nabi","run out",1
"AD Mascarenhas","caught",4
"MJ Clarke","lbw",2
"GD McGrath","caught",1
"AF Milne","bowled",1
"KP Pietersen","run out",3
"JP Faulkner","bowled",6
"JJ Roy","caught",3
"JL Pattinson","caught",1
"SS Tiwary","caught",34
"PJ Sangwan","bowled",2
"YBK Jaiswal","caught",1
"PP Ojha","run out",2
"Mohammad Nabi","bowled",2
"DP Nannes","bowled",1
"PA Reddy","bowled",2
"BMAJ Mendis","run out",1
"Z Khan","run out",3
"PP Ojha","bowled",3
"MG Johnson","stumped",1
"JC Archer","bowled",1
"KJ Abbott","caught",1
"M Muralitharan","run out",2
"IC Pandey","bowled",1
"KS Williamson","caught",31
"TM Dilshan","stumped",1
"V Shankar","lbw",1
"SK Raina","run out",12
"R McLaren","run out",2
"SM Pollock","bowled",4
"KB Arun Karthik","caught",2
"DJ Hussey","stumped",1
"SC Ganguly","caught",37
"Kuldeep Yadav","lbw",1
"R Ashwin","run out",3
"M Kartik","run out",2
"S Nadeem","bowled",3
"DJG Sammy","run out",1
"AC Gilchrist","stumped",3
"Mohammad Hafeez","run out",1
"MK Pandey","stumped",1
"JD Ryder","run out",3
"UT Yadav","run out",2
"RE van der Merwe","bowled",2
"SK Trivedi","run out",1
"B Kumar","caught",11
"LRPL Taylor","caught and bowled",2
"CM Gautam","lbw",1
"L Balaji","bowled",1
"MK Tiwary","run out",8
"DT Christian","stumped",1
"JC Archer","lbw",1
"BAW Mendis","lbw",1
"AM Nayar","caught",21
"P Kumar","run out",6
"SW Billings","run out",1
"OA Shah","caught",5
"PJ Cummins","lbw",1
"KL Rahul","run out",4
"DJG Sammy","bowled",1
"SB Joshi","caught",1
"V Kohli","lbw",7
"SO Hetmyer","run out",1
"JC Buttler","caught and bowled",1
"Washington Sundar","caught",9
"GC Smith","caught",20
"Mandeep Singh","caught and bowled",1
"SP Narine","caught",34
"RV Uthappa","caught and bowled",5
"C de Grandhomme","bowled",3
"OA Shah","run out",3
"Rashid Khan","hit wicket",1
"DB Ravi Teja","bowled",5
"M Rawat","caught and bowled",1
"S Sohal","lbw",2
"DPMD Jayawardene","bowled",6
"MA Starc","run out",1
"VR Aaron","bowled",1
"JR Hopes","lbw",2
"R Dravid","run out",6
"SR Tendulkar","retired hurt",2
"Abhishek Sharma","run out",1
"AP Tare","run out",2
"S Badree","caught",1
"UBT Chand","bowled",6
"RS Bopara","lbw",3
"CK Kapugedera","caught",3
"MM Sharma","bowled",3
"V Kohli","caught and bowled",3
"L Ronchi","caught",2
"IR Jaggi","caught",4
"NM Coulter-Nile","caught",5
"MM Ali","run out",1
"AA Jhunjhunwala","bowled",2
"KH Pandya","bowled",2
"JR Hopes","run out",2
"HH Pandya","bowled",4
"I Sharma","bowled",2
"KH Pandya","lbw",1
"DS Kulkarni","lbw",1
"Rashid Khan","caught",9
"MJ McClenaghan","caught",6
"RK Bhui","caught",2
"HH Gibbs","stumped",2
"RK Singh","caught",6
"NV Ojha","caught and bowled",1
"HV Patel","run out",1
"YS Chahal","run out",1
"UBT Chand","stumped",1
"Harbhajan Singh","retired hurt",2
"AS Raut","stumped",1
"MM Patel","bowled",1
"SN Thakur","caught",3
"SA Yadav","run out",3
"KM Jadhav","caught and bowled",2
"RA Tripathi","lbw",1
"B Akhil","bowled",1
"K Goel","run out",3
"Ishan Kishan","lbw",1
"AD Mascarenhas","run out",3
"AG Paunikar","bowled",1
"SK Warne","stumped",3
"P Kumar","caught and bowled",1
"J Syed Mohammad","caught",2
"BJ Rohrer","caught",3
"MG Johnson","caught",6
"M Kartik","caught",2
"NV Ojha","bowled",9
"AB Dinda","caught",4
"VH Zol","bowled",1
"Joginder Sharma","bowled",1
"Ankit Sharma","caught",7
"V Shankar","caught",19
"HH Pandya","lbw",3
"RG Sharma","run out",20
"Shubman Gill","run out",3
"JP Duminy","run out",4
"S Kaushik","caught",1
"Vishnu Vinod","caught",1
"DH Yagnik","caught and bowled",2
"BB McCullum","run out",7
"SA Asnodkar","hit wicket",1
"STR Binny","run out",4
"S Sohal","run out",1
"LA Pomersbach","run out",1
"Bipul Sharma","caught",4
"Mohammad Asif","caught",1
"Imran Tahir","caught",2
"KD Karthik","run out",17
"AM Rahane","bowled",18
"PA Patel","run out",11
"S Badrinath","caught and bowled",3
"Shivam Mavi","stumped",1
"YK Pathan","run out",12
"CJ Ferguson","run out",1
"MEK Hussey","stumped",1
"LMP Simmons","lbw",3
"KP Pietersen","caught",12
"KK Cooper","caught",7
"KL Rahul","bowled",16
"N Rana","lbw",4
"BMAJ Mendis","caught and bowled",1
"DJ Hussey","lbw",1
"M Manhas","caught and bowled",1
"CJ Anderson","stumped",3
"K Goel","caught",7
"G Gambhir","stumped",2
"JC Archer","run out",1
"MD Mishra","caught",7
"M Muralitharan","bowled",1
"Mohammed Shami","run out",1
"N Rana","bowled",4
"PV Tambe","caught",1
"HH Gibbs","bowled",7
"CR Brathwaite","caught",9
"D du Preez","caught",1
"LMP Simmons","caught and bowled",1
"BB Samantray","bowled",1
"AN Ahmed","bowled",1
"ER Dwivedi","caught",2
"N Pooran","caught",14
"S Sohal","caught",12
"AN Ghosh","caught",2
"UT Yadav","caught",5
"AB Barath","caught",1
"IK Pathan","run out",9
"KS Williamson","lbw",2
"C de Grandhomme","run out",1
"MK Lomror","caught",5
"RN ten Doeschate","bowled",1
"KP Appanna","run out",1
"M Morkel","caught",6
"MN van Wyk","caught",2
"JD Unadkat","bowled",2
"RV Gomez","run out",2
"PP Chawla","lbw",2
"STR Binny","caught",27
"SS Iyer","caught and bowled",2
"KAJ Roach","bowled",1
"Shoaib Ahmed","run out",1
"DT Christian","caught",13
"MS Wade","lbw",1
"LA Pomersbach","bowled",4
"R Parag","caught",7
"KC Sangakkara","caught",40
"PP Ojha","caught",5
"JP Duminy","caught",30
"RV Uthappa","caught",115
"KMA Paul","caught",1
"AR Patel","caught",30
"Sunny Gupta","stumped",1
"RJ Harris","caught",9
"MD Mishra","lbw",3
"DPMD Jayawardene","caught",38
"MK Pandey","caught and bowled",5
"MM Sharma","run out",2
"AG Murtaza","stumped",1
"BE Hendricks","bowled",1
"CJ Anderson","lbw",1
"Harbhajan Singh","caught",33
"R Parag","bowled",2
"DL Chahar","stumped",2
"CJ Ferguson","stumped",1
"Mohammed Shami","stumped",1
"AC Blizzard","caught",6
"BJ Hodge","caught",23
"DPMD Jayawardene","run out",8
"JP Faulkner","caught and bowled",1
"AD Mascarenhas","bowled",3
"DJ Bravo","caught",42
"MK Tiwary","lbw",7
"DR Smith","bowled",18
"GJ Bailey","caught",16
"Yashpal Singh","caught",4
"Kamran Khan","caught",1
"K Rabada","run out",1
"DJ Hooda","run out",4
"R Ashwin","lbw",1
"Anirudh Singh","bowled",1
"SS Tiwary","run out",2
"YBK Jaiswal","bowled",1
"A Flintoff","caught",1
"PD Collingwood","lbw",1
"Z Khan","bowled",5
"LH Ferguson","run out",1
"Umar Gul","run out",1
"AA Bilakhia","lbw",2
"G Gambhir","caught",80
"A Symonds","bowled",7
"RS Bopara","caught",13
"SD Lad","bowled",1
"BCJ Cutting","run out",1
"SM Katich","bowled",2
"C de Grandhomme","caught",9
"LA Carseldine","run out",1
"AB de Villiers","caught and bowled",2
"SE Marsh","run out",5
"H Klaasen","bowled",1
"SR Watson","stumped",4
"SM Pollock","caught",4
"BA Stokes","bowled",13
"CJ Ferguson","caught and bowled",2
"Yuvraj Singh","run out",4
"MM Patel","run out",1
"RS Bopara","run out",2
"SW Billings","bowled",3
"RP Singh","run out",4
"P Simran Singh","caught",2
"PP Shaw","caught",24
"DJ Hooda","hit wicket",1
"AF Milne","caught",1
"GC Smith","bowled",2
"Q de Kock","run out",1
"Mujeeb Ur Rahman","bowled",1
"Younis Khan","bowled",1
"Niraj Patel","caught",2
"Yuvraj Singh","caught",84
"MEK Hussey","run out",5
"HH Pandya","caught",34
"Mohammad Nabi","caught",6
"HM Amla","run out",1
"FY Fazal","caught",4
"AB Agarkar","caught",6
"TL Suman","run out",1
"BCJ Cutting","bowled",2
"L Balaji","run out",1
"DS Kulkarni","bowled",3
"MJ McClenaghan","lbw",1
"TG Southee","caught",4
"WP Saha","stumped",5
"SD Chitnis","run out",1
"JM Bairstow","caught",10
"DT Christian","lbw",4
"P Kumar","bowled",15
"AA Chavan","caught",1
"CA Pujara","bowled",4
"BR Dunk","bowled",1
"JDP Oram","caught and bowled",1
"IS Sodhi","caught",2
"Shakib Al Hasan","bowled",9
"MK Tiwary","bowled",11
"P Negi","caught",15
"MK Pandey","lbw",6
"DPMD Jayawardene","lbw",6
"MJ Lumb","caught",6
"A Nehra","caught",5
"AS Rajpoot","bowled",2
"HH Pandya","stumped",1
"N Saini","caught and bowled",2
"SR Watson","bowled",35
"MC Henriques","run out",2
"AS Raut","lbw",1
"P Negi","bowled",4
"LMP Simmons","caught",16
"LR Shukla","bowled",6
"ML Hayden","caught",17
"M Muralitharan","lbw",1
"B Laughlin","caught",1
"Y Venugopal Rao","bowled",8
"MDKJ Perera","caught",1
"DA Warner","caught",77
"RA Tripathi","bowled",8
"CA Lynn","caught",21
"R Sathish","run out",2
"RR Bhatkal","run out",1
"S Anirudha","stumped",1
"RJ Quiney","bowled",1
"NA Saini","caught",1
"JDP Oram","caught",5
"DJ Hussey","bowled",9
"N Rana","retired hurt",1
"R Vinay Kumar","stumped",1
"AB de Villiers","stumped",6
"S Badrinath","caught",31
"KS Williamson","run out",2
"AM Nayar","run out",9
"DA Warner","hit wicket",1
"F du Plessis","caught and bowled",3
"Azhar Mahmood","caught and bowled",1
"AD Mathews","lbw",2
"CR Woakes","stumped",1
"VVS Laxman","bowled",2
"N Saini","caught",5
"NS Naik","lbw",1
"HV Patel","bowled",3
"DW Steyn","bowled",8
"M Markande","lbw",1
"JDP Oram","bowled",2
"MS Bisla","run out",4
"N Saini","bowled",1
"MJ McClenaghan","run out",1
"S Badrinath","run out",5
"M Manhas","caught",14
"SP Narine","lbw",1
"NL McCullum","run out",2
"V Kohli","stumped",3
"RA Tripathi","caught",24
"S Lamichhane","bowled",1
"S Aravind","lbw",1
"F du Plessis","stumped",6
"M de Lange","caught",1
"KC Cariappa","bowled",3
"SK Trivedi","caught",3
"YV Takawale","lbw",2
"DJ Thornely","bowled",1
"M Vohra","caught",22
"CH Gayle","caught and bowled",3
"SPD Smith","caught and bowled",3
"KS Williamson","bowled",3
"RA Jadeja","caught",53
"CJ Jordan","caught",2
"BJ Hodge","bowled",9
"M Manhas","run out",3
"Mohammed Siraj","lbw",1
"AUK Pathan","caught",2
"MEK Hussey","lbw",2
"JC Buttler","lbw",3
"CL White","caught",22
"RJ Harris","bowled",2
"JJ Bumrah","caught",2
"RT Ponting","stumped",1
"MC Henriques","caught and bowled",3
"RA Jadeja","bowled",16
"AC Voges","run out",2
"DJM Short","caught",4
"T Henderson","bowled",1
"Y Nagar","run out",2
"LR Shukla","run out",4
"Z Khan","caught",6
"RN ten Doeschate","lbw",5
"PP Chawla","caught",26
"Ishan Kishan","run out",3
"KL Nagarkoti","bowled",2
"M Kaif","caught and bowled",1
"STR Binny","bowled",6
"P Ray Barman","caught",1
"B Chipli","run out",1
"K Rabada","bowled",3
"AS Yadav","caught",4
"BB Samantray","run out",1
"Mohammed Siraj","caught",1
"CH Gayle","caught",76
"JP Duminy","bowled",10
"Azhar Mahmood","stumped",1
"LA Pomersbach","caught",5
"R Dhawan","stumped",1
"BCJ Cutting","lbw",1
"Anirudh Singh","caught",2
"MA Agarwal","lbw",2
"PJ Cummins","caught",10
"B Akhil","lbw",1
"TM Dilshan","caught",24
"AC Gilchrist","bowled",12
"T Banton","caught",1
"A Chopra","stumped",1
"MJ Lumb","lbw",1
"TD Paine","caught",1
"RA Jadeja","stumped",1
"Ankit Soni","bowled",2
"D Kalyankrishna","caught",1
"MM Ali","bowled",1
"AB Agarkar","run out",1
"AP Tare","caught and bowled",1
"DS Lehmann","lbw",2
"W Jaffer","caught",7
"R Tewatia","lbw",2
"CJ McKay","caught",1
"GC Viljoen","caught",2
"Shubman Gill","caught and bowled",1
"JDS Neesham","caught",5
"MN Samuels","run out",2
"RG Sharma","lbw",12
"RR Pant","bowled",10
"SA Yadav","caught",47
"LS Livingstone","bowled",2
"Shoaib Ahmed","caught",1
"VRV Singh","caught",1
"ND Doshi","caught",1
"M Manhas","bowled",6
"DW Steyn","caught",8
"B Lee","caught",6
"A Symonds","caught",14
"AUK Pathan","lbw",1
"SM Curran","stumped",1
"RE van der Merwe","stumped",3
"LA Carseldine","lbw",1
"LA Pomersbach","caught and bowled",1
"G Gambhir","bowled",27
"LR Shukla","lbw",2
"T Thushara","run out",1
"Shoaib Malik","bowled",1
"A Zampa","caught",2
"KP Pietersen","stumped",3
"VVS Laxman","lbw",1
"DJ Hooda","caught",19
"MK Tiwary","caught and bowled",1
"MP Stoinis","bowled",4
"C de Grandhomme","lbw",1
"Shakib Al Hasan","caught",21
"L Balaji","lbw",2
"EJG Morgan","caught",33
"Harbhajan Singh","bowled",7
"CA Lynn","run out",1
"LR Shukla","stumped",1
"GH Vihari","stumped",1
"R Rampaul","lbw",1
"Harbhajan Singh","run out",8
"Q de Kock","caught and bowled",3
"PA Patel","caught",72
"JEC Franklin","bowled",1
"Shakib Al Hasan","run out",3
"SM Curran","lbw",2
"JP Duminy","lbw",1
"DR Shorey","caught",2
"BCJ Cutting","caught",6
"MA Wood","caught",1
"Mustafizur Rahman","caught",1
"SR Watson","lbw",6
"C Munro","lbw",2
"SS Tiwary","caught and bowled",1
"YBK Jaiswal","caught and bowled",1
"RE Levi","caught",1
"SK Warne","bowled",6
"RS Bopara","bowled",1
"GH Vihari","caught",17
"SM Katich","caught",6
"Mohammed Shami","lbw",1
"Y Venugopal Rao","lbw",1
"A Nehra","bowled",1
"C Nanda","run out",1
"Yuvraj Singh","bowled",10
"DJ Hooda","caught and bowled",1
"NLTC Perera","run out",3
"BA Stokes","caught",19
"JM Bairstow","run out",1
"R Tewatia","bowled",3
"NS Naik","caught",2
"A Ashish Reddy","bowled",5
"N Pooran","run out",1
"DW Steyn","lbw",2
"M Ashwin","stumped",1
"DJ Hooda","stumped",3
"PSP Handscomb","caught",1
"JM Bairstow","bowled",7
"SM Curran","caught and bowled",1
"RA Jadeja","run out",8
"TR Birt","caught",4
"MS Bisla","caught",18
"MC Henriques","lbw",2
"SR Watson","run out",9
"KD Karthik","caught",91
"Kuldeep Yadav","run out",1
"SK Raina","bowled",16
"Y Nagar","bowled",3
"L Ronchi","run out",1
"SR Watson","caught and bowled",1
"VS Malik","bowled",1
"CJ Ferguson","lbw",1
"Q de Kock","stumped",1
"Shoaib Akhtar","caught",1
"Kartik Tyagi","caught and bowled",1
"A Chopra","run out",1
"R Bhatia","bowled",5
"TR Birt","bowled",1
"SE Bond","bowled",1
"AT Rayudu","run out",12
"MA Starc","bowled",1
"JR Philippe","lbw",1
"SA Asnodkar","bowled",1
"KC Sangakkara","run out",6
"SP Narine","stumped",2
"TU Deshpande","caught",1
"RJ Quiney","caught",4
"SPD Smith","caught",42
"HH Gibbs","lbw",3
"AA Noffke","run out",1
"CH Morris","bowled",6
"RR Powar","bowled",2
"S Dhawan","run out",15
"CL White","lbw",1
"GJ Bailey","run out",6
"MA Agarwal","stumped",2
"T Kohli","run out",1
"MP Stoinis","stumped",2
"DJ Hooda","lbw",1
"MF Maharoof","stumped",1
"R Bhatia","caught",17
"SA Asnodkar","caught",11
"SA Yadav","caught and bowled",1
"SB Styris","bowled",2
"J Botha","caught and bowled",2
"S Ladda","run out",2
"M Vohra","run out",3
"CH Gayle","run out",2
"VS Yeligati","run out",1
"DR Sams","caught",1
"S Dhawan","caught",86
"SS Tiwary","lbw",3
"RR Rossouw","lbw",1
"DJ Bravo","stumped",1
"Sohail Tanvir","bowled",1
"SB Styris","caught",4
"RP Singh","stumped",1
"S Aravind","caught",1
"RG Sharma","bowled",23
"JA Morkel","run out",4
"BAW Mendis","bowled",1
"M Klinger","lbw",1
"J Suchith","caught",1
"MS Bisla","lbw",2
"AB de Villiers","bowled",21
"GJ Bailey","stumped",2
"D Padikkal","bowled",5
"KS Williamson","stumped",2
"DR Martyn","run out",1
"V Kohli","bowled",30
"AJ Finch","caught and bowled",2
"RS Gavaskar","caught",1
"PA Reddy","run out",1
"SW Tait","bowled",2
"Yuvraj Singh","stumped",3
"AS Yadav","bowled",1
"Rashid Khan","caught and bowled",3
"KV Sharma","lbw",1
"SK Raina","caught and bowled",8
"AL Menaria","caught and bowled",2
"MS Bisla","bowled",9
"SA Yadav","lbw",6
"S Nadeem","caught and bowled",3
"TM Head","caught",4
"KD Karthik","caught and bowled",3
"Sunny Singh","run out",1
"SA Yadav","bowled",7
"WA Mota","lbw",1
"PA Reddy","stumped",1
"AJ Tye","lbw",1
"T Banton","bowled",1
"DA Miller","lbw",3
"HH Pandya","run out",3
"S Nadeem","caught",5
"AB de Villiers","caught",73
"GH Vihari","run out",1
"KM Jadhav","caught",30
"AM Rahane","lbw",15
"DB Ravi Teja","caught and bowled",1
"TG Southee","run out",1
"SC Ganguly","bowled",9
"B Kumar","bowled",8
"SA Yadav","stumped",1
"M Vohra","lbw",5
"FH Edwards","bowled",1
"V Kohli","caught",105
"J Theron","run out",1
"Misbah-ul-Haq","run out",2
"A Ashish Reddy","caught",8
"R Vinay Kumar","run out",2
"I Sharma","caught and bowled",1
"Sandeep Sharma","caught and bowled",1
"LE Plunkett","caught",1
"PP Chawla","bowled",12
"MM Ali","caught",8
"Kamran Akmal","run out",1
"PJ Sangwan","caught",3
"SS Iyer","lbw",5
"R Bhatia","stumped",1
"A Chopra","caught",2
"SK Warne","run out",4
"S Narwal","caught",3
"VY Mahesh","caught",1
"PJ Cummins","bowled",2
"HV Patel","lbw",1
"AM Nayar","bowled",4
"SM Curran","caught",6
"MC Henriques","stumped",4
"SP Narine","run out",1
"SP Narine","bowled",10
"S Kaul","caught and bowled",1
"S Dhawan","caught and bowled",3
"Shoaib Malik","caught",3
"I Sharma","caught",2
"SS Tiwary","bowled",4
"Vishnu Vinod","run out",1
"CH Morris","lbw",1
"R Shukla","caught",1
"L Balaji","caught",3
"JD Ryder","stumped",1
"WPUJC Vaas","run out",1
"PJ Sangwan","lbw",1
"Shivam Mavi","bowled",1
"SK Warne","caught",6
"LMP Simmons","run out",1
"E Lewis","bowled",3
"SE Marsh","lbw",3
"S Rana","caught",1
"Washington Sundar","bowled",1
"Bipul Sharma","bowled",1
"PA Patel","stumped",6
"JP Duminy","caught and bowled",3
"KW Richardson","caught",2
"VR Aaron","caught",2
"R Tewatia","caught",7
"DA Miller","bowled",13
"AP Majumdar","stumped",1
"Sandeep Sharma","caught",3
"SP Jackson","hit wicket",1
"S Badree","bowled",3
"KD Karthik","bowled",23
"Shubman Gill","caught",19
"MJ McClenaghan","stumped",1
"CL White","run out",4
"J Botha","run out",4
"UBT Chand","caught",13
"R Ninan","caught",1
"J Suchith","run out",1
"G Gambhir","run out",15
"DA Warner","stumped",5
"B Akhil","caught",3
"JM Bairstow","lbw",2
"A Singh","bowled",2
"YS Chahal","lbw",1
"R McLaren","caught",2
"DB Das","caught",4
"SA Asnodkar","lbw",1
"RG Sharma","stumped",3
"OA Shah","bowled",3
"V Sehwag","run out",6
"JA Morkel","caught and bowled",1
"M Kartik","caught and bowled",2
"ML Hayden","caught and bowled",1
"AS Rajpoot","caught",2
"MA Agarwal","bowled",18
"Mohammad Hafeez","bowled",1
"KL Nagarkoti","caught",1
"Jaskaran Singh","caught",1
"AT Rayudu","lbw",4
"DJ Hussey","caught",32
"AL Menaria","bowled",3
"MJ Lumb","bowled",1
"GR Napier","caught",1
"RA Tripathi","caught and bowled",2
"S Badree","lbw",1
"MDKJ Perera","lbw",1
"CA Lynn","bowled",9
"Bipul Sharma","run out",1
"Mohammad Asif","run out",1
"WPUJC Vaas","caught",4
"Azhar Mahmood","caught",9
"R Sathish","stumped",1
"K Rabada","caught",5
"DJ Bravo","lbw",6
"AT Rayudu","caught and bowled",6
"LMP Simmons","bowled",6
"SR Tendulkar","lbw",8
"TL Suman","caught and bowled",2
"MR Marsh","bowled",4
"LRPL Taylor","caught",24
"KMA Paul","lbw",1
"GC Smith","run out",4
"RP Singh","caught and bowled",1
"SV Samson","run out",5
"PA Patel","caught and bowled",4
"S Dhawan","stumped",6
"CR Woakes","caught",4
"MJ Santner","caught",1
"J Theron","caught",1
"KB Arun Karthik","run out",1
"AT Rayudu","caught",72
"ML Hayden","lbw",1
"R Vinay Kumar","bowled",10
"BCJ Cutting","stumped",1
"J Arunkumar","caught",2
"PA Patel","lbw",12
"SP Goswami","caught and bowled",1
"M Morkel","run out",1
"SB Wagh","run out",1
"JR Philippe","stumped",1
"NA Saini","bowled",1
"AT Rayudu","stumped",7
"HV Patel","caught",6
"KB Arun Karthik","bowled",1
"JO Holder","caught",5
"VVS Laxman","caught",9
"AD Mathews","bowled",4
"LPC Silva","caught",2
"TM Dilshan","run out",2
"V Sehwag","bowled",15
"Mohammed Siraj","bowled",1
"M Klinger","bowled",1
"GB Hogg","caught",2
"AD Nath","bowled",1
"SB Bangar","caught",5
"DJ Jacobs","bowled",6
"DT Patil","caught",1
"SN Khan","caught",14
"EJG Morgan","lbw",2
"AJ Finch","retired hurt",1
"AUK Pathan","bowled",2
"SV Samson","caught and bowled",3
"ML Hayden","stumped",2
"Mandeep Singh","bowled",15
"AJ Turner","lbw",1
"S Dube","caught",7
"JL Denly","bowled",1
"SL Malinga","caught",5
"SMSM Senanayake","run out",1
"AR Patel","run out",7
"S Anirudha","lbw",2
"S Chanderpaul","caught",3
"MP Stoinis","lbw",1
"JP Duminy","stumped",1
"F du Plessis","caught",40
"NLTC Perera","bowled",4
"G Gambhir","caught and bowled",4
"MS Dhoni","lbw",5
"SO Hetmyer","caught",9
"SPD Smith","lbw",2
"RA Jadeja","caught and bowled",7
"ST Jayasuriya","lbw",5
"AC Gilchrist","lbw",4
"R Dravid","lbw",2
"MV Boucher","lbw",2
"TL Suman","bowled",3
"B Chipli","lbw",1
"RV Gomez","bowled",1
"SB Styris","lbw",1
"NM Coulter-Nile","bowled",2
"C Madan","caught",1
"KC Sangakkara","bowled",14
"I Udana","caught",3
"TM Srivastava","caught",1
"JD Unadkat","run out",2
"DR Smith","caught",48
"K Goel","stumped",1
"R Ashwin","caught and bowled",1
"SV Samson","bowled",13
"SP Narine","caught and bowled",1
"CH Morris","stumped",1
"Misbah-ul-Haq","caught",4
"DJ Bravo","caught and bowled",3
"KD Karthik","stumped",4
"AJ Finch","caught",41
"DB Ravi Teja","lbw",2
"KMA Paul","bowled",2
"SD Chitnis","caught",6
"SN Thakur","lbw",1
"MJ Clarke","bowled",1
"BB Samantray","caught",2
"Shubman Gill","stumped",1
"Shakib Al Hasan","caught and bowled",1
"A Kumble","caught",1
"TS Mills","caught",2
"Shubman Gill","lbw",1
"SS Cottrell","bowled",1
"WP Saha","lbw",4
"B Kumar","lbw",1
"STR Binny","stumped",3
"Gurkeerat Singh","lbw",2
"CA Ingram","bowled",2
"T Kohli","caught",2
"M Vohra","caught and bowled",4
"S Gopal","caught",9
"A Choudhary","run out",1
"DJ Thornely","retired hurt",1
"A Singh","stumped",1
"M Vohra","bowled",8
"RJ Harris","lbw",1
"AD Russell","caught and bowled",2
"DJ Bravo","bowled",12
"SV Samson","lbw",6
"P Awana","run out",1
"Anirudh Singh","caught and bowled",1
"P Kumar","lbw",1
"Abhishek Sharma","caught",6
"IK Pathan","bowled",8
"BA Stokes","run out",3
"SC Ganguly","caught and bowled",1
"GJ Maxwell","caught",46
"Y Venugopal Rao","run out",9
"AD Hales","bowled",2
"CR Brathwaite","caught and bowled",1
"BB McCullum","caught and bowled",1
"Misbah-ul-Haq","lbw",2
"V Sehwag","lbw",4
"AG Paunikar","stumped",1
"Basil Thampi","run out",1
"A Nehra","run out",2
"CA Lynn","lbw",3
"M Vijay","caught and bowled",3
"IK Pathan","stumped",3
"Z Khan","caught and bowled",1
"Y Venugopal Rao","caught",24
"AP Majumdar","bowled",1
"JH Kallis","caught and bowled",1
"RV Uthappa","lbw",14
"RA Tripathi","run out",2
"DB Das","lbw",3
"AJ Turner","caught",2
"WP Saha","bowled",18
"CA Pujara","caught",12
"A Mishra","caught",9
"Q de Kock","caught",43
"Ishan Kishan","stumped",1
"R Ashwin","stumped",2
"KS Williamson","caught and bowled",1
"RV Uthappa","run out",13
"HH Gibbs","caught",16
"Niraj Patel","bowled",2
"Parvez Rasool","caught and bowled",1
"UT Yadav","stumped",1
"Swapnil Singh","caught",1
"AM Rahane","caught and bowled",6
"KK Ahmed","bowled",1
"JC Buttler","stumped",3
"CJ Jordan","run out",1
"WA Mota","caught",3
"AA Jhunjhunwala","caught",8
"A Mithun","bowled",1
"KA Pollard","run out",8
"WD Parnell","caught",4
"KK Nair","caught",37
"SN Thakur","bowled",1
"SW Billings","caught",13
"KH Pandya","caught",31
"DJ Muthuswami","run out",1
"MJ McClenaghan","bowled",2
"KA Pollard","lbw",5
"BB Sran","run out",1
"MF Maharoof","caught",4
"MM Patel","caught",2
"TG Southee","bowled",1
"M Vijay","stumped",5
"VH Zol","caught",1
"PR Shah","caught and bowled",1
"CJ Anderson","run out",3
"LRPL Taylor","lbw",5
"P Awana","caught",2
"RT Ponting","lbw",1
"SM Katich","run out",2
"MM Ali","stumped",1
"NV Ojha","caught",54
"IR Jaggi","bowled",1
"Vishnu Vinod","bowled",1
"RN ten Doeschate","caught",6
"RV Uthappa","bowled",15
"P Dogra","stumped",1
"Imran Tahir","bowled",1
"KK Cooper","bowled",1
"AD Hales","lbw",1
"JD Unadkat","caught and bowled",1
"AJ Finch","run out",2
"MN van Wyk","bowled",1
"K Gowtham","run out",1
"WP Saha","run out",8
"MG Johnson","bowled",6
"R Sathish","lbw",1
"BJ Hodge","run out",6
"N Pooran","bowled",2
"S Badrinath","stumped",3
"RR Bhatkal","caught",1
"CA Pujara","run out",1
"V Shankar","bowled",1
"AG Paunikar","caught",3
"RN ten Doeschate","run out",5
"AR Patel","bowled",9
"AM Rahane","caught",74
"ML Hayden","bowled",6
"JD Ryder","caught",17
"Rashid Khan","bowled",2
"Joginder Sharma","caught",1
"Swapnil Singh","lbw",1
"DL Vettori","run out",1
"Mohammed Siraj","run out",2
"V Kohli","run out",15
"SE Rutherford","caught",5
"MK Tiwary","stumped",4
"YK Pathan","caught and bowled",4
"BJ Rohrer","bowled",3
"JPR Scantlebury-Searles","caught",1
"DPMD Jayawardene","caught and bowled",2
"AC Blizzard","bowled",1
"DJG Sammy","caught",10
"N Rana","caught and bowled",1
"KL Rahul","caught",35
"GC Smith","lbw",1
"DT Christian","bowled",5
"MA Agarwal","caught and bowled",2
"KP Pietersen","bowled",8
"X Thalaivan Sargunam","caught and bowled",1
"A Nortje","caught",1
"UT Yadav","bowled",6
"JM Kemp","stumped",1
"Yuvraj Singh","lbw",5
"KA Pollard","caught",75
"M Morkel","bowled",3
"MA Khote","caught",1
"AL Menaria","run out",2
"N Rana","caught",39
"AC Gilchrist","run out",2
"OA Shah","stumped",2
"H Klaasen","caught",4
"MS Gony","run out",1
"HH Gibbs","caught and bowled",1
"DJG Sammy","stumped",1
"SP Fleming","caught",5
"DW Steyn","run out",3
"S Sreesanth","caught",1
"SR Tendulkar","stumped",3
"Sandeep Sharma","lbw",1
"CR Brathwaite","bowled",1
"JD Unadkat","caught",3
"SS Tiwary","stumped",3
"PP Chawla","run out",8
"SK Raina","stumped",8
"GJ Bailey","bowled",4
"MD Mishra","bowled",2
"DT Christian","run out",1
"DJ Hussey","run out",6
"S Sohal","bowled",3
"RA Jadeja","lbw",2
"S Sriram","bowled",1
"DJ Thornely","lbw",1
"SB Jakati","caught",1
"K Goel","bowled",2
"JO Holder","run out",2
"Gurkeerat Singh","stumped",2
"P Simran Singh","lbw",1
"KC Sangakkara","lbw",2
"M Muralitharan","caught",2
"N Jagadeesan","caught",1
"GJ Maxwell","lbw",5
"SO Hetmyer","stumped",1
"Washington Sundar","run out",1
"R Bishnoi","run out",1
"MM Ali","caught and bowled",2
"SJ Srivastava","bowled",1
"Washington Sundar","caught and bowled",1
"T Taibu","caught",2
"JM Kemp","bowled",1
"Ravi Bishnoi","caught",1
"SW Billings","stumped",1
"HM Amla","caught",8
